{"Training loss":0.44191859629419117,"Validation loss":0.5110673904418945,"_timestamp":1.7607059960048494e+09,"_step":999,"_wandb":{"runtime":58},"_runtime":58}