{"_timestamp":1.760715003127801e+09,"_step":999,"Epoch":1000,"_wandb":{"runtime":28},"_runtime":28,"Training loss":0.4342868487040202,"Validation loss":0.5201423168182373}