{"_step":999,"Epoch":1000,"_wandb":{"runtime":14},"_runtime":14,"Training loss":0.566551630695661,"Validation loss":0.5973547697067261,"_timestamp":1.7607152311688228e+09}