{"Validation loss":0.5950046181678772,"_timestamp":1.7605893162306404e+09,"_step":999,"Epoch":1000,"_wandb":{"runtime":12},"_runtime":12,"Training loss":0.5909150242805481}