{"Validation loss":0.6540108323097229,"_timestamp":1.7607163333414598e+09,"_wandb":{"runtime":715},"_runtime":715,"_step":29,"Epoch":30,"Training loss":0.5820738110277388}