{"_wandb":{"runtime":21},"_runtime":21,"Validation loss":0.5137758851051331,"_timestamp":1.7607071012174225e+09,"_step":999,"Training loss":0.5243554239471754}