{"_runtime":16,"_timestamp":1.7607066373065884e+09,"_step":999,"Training loss":0.5639346639315287,"Validation loss":0.5865254998207092,"_wandb":{"runtime":16}}