{"_timestamp":1.7607760743103182e+09,"_wandb":{"runtime":119},"_runtime":119,"_step":112,"Epoch":113,"Training loss":0.5531722068786621,"Validation loss":0.5954062938690186}