{"_timestamp":1.7607749046833131e+09,"_wandb":{"runtime":11},"_runtime":11,"_step":134,"Epoch":135,"Training loss":0.5666877395576901,"Validation loss":0.5849411487579346}