{"Training loss":0.6247391389763873,"Validation loss":0.6201910972595215,"_wandb":{"runtime":17},"_runtime":17,"_timestamp":1.760714268968113e+09,"_step":999,"Epoch":1000}