{"_runtime":24,"Epoch":1000,"Training loss":0.2017046883702278,"Validation loss":0.2077028900384903,"_timestamp":1.7605891975462317e+09,"_step":999,"_wandb":{"runtime":24}}