{"_step":999,"Epoch":1000,"_wandb":{"runtime":30},"_runtime":30,"Training loss":0.600485603014628,"Validation loss":0.6070032715797424,"_timestamp":1.7607139968836963e+09}