{"_wandb":{"runtime":79},"_runtime":79,"Training loss":0.5927062796221839,"Validation loss":0.6137334704399109,"_timestamp":1.7607045211435134e+09,"_step":999}