{"_runtime":27,"Epoch":1000,"Training loss":0.47152282413509156,"Validation loss":0.3888651430606842,"_timestamp":1.7607144405350552e+09,"_step":999,"_wandb":{"runtime":27}}