{"_runtime":9,"_step":999,"Epoch":1000,"Training loss":0.6609677871068319,"Validation loss":0.6535067558288574,"_timestamp":1.7607143543173351e+09,"_wandb":{"runtime":9}}