{"_timestamp":1.7607095992097018e+09,"_wandb":{"runtime":43},"_runtime":43.2182306,"_step":796,"Training loss":0.467391574382782,"Validation loss":0.444460928440094}