{"Training loss":0.5939328816201952,"Validation loss":0.6242884397506714,"_timestamp":1.76069364254571e+09,"_step":999,"_wandb":{"runtime":53},"_runtime":53}