{"_timestamp":1.7607758576702826e+09,"_step":352,"Epoch":353,"_wandb":{"runtime":230},"_runtime":230,"Training loss":0.513180939356486,"Validation loss":0.56864994764328}