{"_wandb":{"runtime":19},"_runtime":19,"_step":999,"Training loss":0.6542543868223826,"Validation loss":0.6551679968833923,"_timestamp":1.7607053778605962e+09}