{"Validation loss":0.6002606749534607,"_timestamp":1.76069346050022e+09,"_step":999,"Training loss":0.5995909366342757,"_wandb":{"runtime":133},"_runtime":133}