{"_wandb":{"runtime":49},"_runtime":49,"Training loss":0.4490701003207101,"Validation loss":0.42741504311561584,"_timestamp":1.7607067476968412e+09,"_step":999}