{"_runtime":79,"Training loss":0.5592490654924641,"Validation loss":0.5393820405006409,"_timestamp":1.7607068835089755e+09,"_step":999,"_wandb":{"runtime":79}}