{"_step":437,"Training loss":0.47238535814815097,"_wandb":{"runtime":24},"_runtime":24.4468463,"Validation loss":0.5883046984672546,"_timestamp":1.7607127582013812e+09}