{"_timestamp":1.7607126074415593e+09,"_wandb":{"runtime":5},"_runtime":5.5837559,"_step":64,"Training loss":0.5885796652899848,"Validation loss":0.597802996635437}