{"_wandb":{"runtime":80},"_runtime":80,"_timestamp":1.7607061286003187e+09,"_step":999,"Training loss":0.4615900715192159,"Validation loss":0.38168635964393616}