{"_runtime":124,"Training loss":0.6045210460821787,"Validation loss":0.5617778897285461,"_timestamp":1.7607761940620952e+09,"_step":81,"Epoch":82,"_wandb":{"runtime":124}}