{"_step":999,"Epoch":1000,"Training loss":0.19826894998550415,"_wandb":{"runtime":5},"_runtime":5,"Validation loss":0.22055508196353912,"_timestamp":1.7605881899994383e+09}