{"_timestamp":1.7607062089966364e+09,"_step":999,"_wandb":{"runtime":30},"_runtime":30,"Training loss":0.435753900071849,"Validation loss":0.5054362416267395}