{"Validation loss":0.5238924026489258,"_timestamp":1.7607064611367188e+09,"_step":999,"_wandb":{"runtime":49},"_runtime":49,"Training loss":0.4415001329448488}