{"_runtime":9,"_timestamp":1.7607149184313676e+09,"_step":999,"Epoch":1000,"Training loss":0.5985477467377981,"Validation loss":0.5727078914642334,"_wandb":{"runtime":9}}