{"Training loss":0.4714541011386447,"Validation loss":0.5390090942382812,"_timestamp":1.7607763625531764e+09,"_step":658,"Epoch":659,"_wandb":{"runtime":386},"_runtime":386}