{"_runtime":177.8444546,"Training loss":0.46593957940737407,"Validation loss":0.45868366956710815,"_timestamp":1.7607119227302794e+09,"_step":492,"_wandb":{"runtime":177}}