{"_timestamp":1.7607153813874817e+09,"_step":999,"_wandb":{"runtime":26},"_runtime":26,"Epoch":1000,"Training loss":0.43699234856499564,"Validation loss":0.4978865385055542}