{"_runtime":12,"_step":999,"Training loss":0.5692863166332245,"Validation loss":0.6114149689674377,"_timestamp":1.7606931533635895e+09,"_wandb":{"runtime":12}}