{"_runtime":10,"Epoch":338,"Training loss":0.4999451994895935,"Validation loss":0.5381196141242981,"_timestamp":1.7607138534011652e+09,"_step":337,"_wandb":{"runtime":10}}