{"_timestamp":1.760714189329879e+09,"_step":999,"_wandb":{"runtime":28},"_runtime":28,"Epoch":1000,"Training loss":0.5932742761241065,"Validation loss":0.63033527135849}