{"_runtime":144.0042759,"_timestamp":1.7607102063891776e+09,"_step":441,"Training loss":0.47877006895012325,"Validation loss":0.5002638697624207,"_wandb":{"runtime":144}}