{"_wandb":{"runtime":16},"_runtime":16.8744323,"Validation loss":0.5897737741470337,"_timestamp":1.7607074000533783e+09,"_step":1000,"Training loss":0.5768453081448873}