{"_runtime":3.9277226,"_step":76,"Training loss":0.5883825990888808,"Validation loss":0.6184294819831848,"_timestamp":1.7607091512073855e+09,"_wandb":{"runtime":3}}