{"Epoch":1000,"Training loss":0.649466335773468,"_wandb":{"runtime":11},"_runtime":11,"Validation loss":0.659540593624115,"_timestamp":1.760714306041852e+09,"_step":999}