{"_step":999,"Training loss":0.4892186149954796,"Validation loss":0.5293534398078918,"_timestamp":1.7607065774019039e+09,"_wandb":{"runtime":20},"_runtime":20}