{"_runtime":18,"Training loss":0.5881054401397705,"Validation loss":0.579667866230011,"_timestamp":1.7606930650459907e+09,"_step":999,"Epoch":1000,"_wandb":{"runtime":18}}