{"Epoch":419,"Training loss":0.5467310845851898,"Validation loss":0.5696886777877808,"_timestamp":1.7607773506596222e+09,"_step":418,"_wandb":{"runtime":33},"_runtime":33}