{"_step":999,"Epoch":1000,"Training loss":0.5352313270171484,"Validation loss":0.5846462845802307,"_wandb":{"runtime":11},"_runtime":11,"_timestamp":1.760714572471051e+09}