{"Training loss":0.6597486436367035,"Validation loss":0.6403403878211975,"_wandb":{"runtime":16},"_runtime":16,"_timestamp":1.760705427995984e+09,"_step":999}