{"_timestamp":1.7605887474381435e+09,"_wandb":{"runtime":17},"_runtime":17,"_step":999,"Epoch":1000,"Training loss":0.5938137769699097,"Validation loss":0.5906837582588196}