{"_step":9,"Epoch":10,"Training loss":0.2920455535252889,"Validation loss":0.27205631136894226,"_timestamp":1.760588134114702e+09,"_wandb":{"runtime":0},"_runtime":0}