{"Training loss":0.5836218648486667,"Validation loss":0.5502580404281616,"_timestamp":1.7607132467130427e+09,"_step":207,"_wandb":{"runtime":601},"_runtime":601.8169904}