{"_wandb":{"runtime":27},"_runtime":27,"_timestamp":1.7606946342466567e+09,"_step":999,"Training loss":0.4590257700946596,"Validation loss":0.46384957432746887}