{"_wandb":{"runtime":4},"_runtime":4.0436248,"_timestamp":1.7607090236951988e+09,"_step":201,"Training loss":0.6003774106502533,"Validation loss":0.5922847390174866}