{"_timestamp":1.7607147586812901e+09,"_step":999,"Epoch":1000,"Training loss":0.44362769424915316,"_wandb":{"runtime":86},"_runtime":86,"Validation loss":0.43269145488739014}