{"_timestamp":1.7607161646568215e+09,"_wandb":{"runtime":182},"_runtime":182,"_step":339,"Epoch":340,"Training loss":0.564480150408215,"Validation loss":0.5679346323013306}