{"_timestamp":1.760706335105143e+09,"_step":999,"_wandb":{"runtime":16},"_runtime":16,"Training loss":0.5898750225702921,"Validation loss":0.5817044973373413}