{"_step":999,"Epoch":1000,"Training loss":0.5998198442988926,"Validation loss":0.610482931137085,"_timestamp":1.7607141196610112e+09,"_wandb":{"runtime":28},"_runtime":28}