{"Training loss":0.5490821624795595,"Validation loss":0.5380980372428894,"_timestamp":1.760714528611352e+09,"_step":999,"_wandb":{"runtime":12},"_runtime":12,"Epoch":1000}