{"_runtime":21.7575382,"_step":311,"Training loss":0.5467768384350671,"Validation loss":0.5101669430732727,"_timestamp":1.76071266208604e+09,"_wandb":{"runtime":21}}