{"_runtime":17,"_timestamp":1.7607151352415094e+09,"_step":999,"Epoch":1000,"Training loss":0.5175566478915836,"Validation loss":0.6100848913192749,"_wandb":{"runtime":17}}