{"_timestamp":1.760776716479688e+09,"_step":158,"Epoch":159,"Training loss":0.5608931660652161,"_wandb":{"runtime":611},"_runtime":611,"Validation loss":0.6306741833686829}