{"_step":999,"_wandb":{"runtime":54},"_runtime":54,"Training loss":0.4422495782375336,"Validation loss":0.42937833070755005,"_timestamp":1.7607038381940296e+09}