{"Training loss":0.6130387425422669,"Validation loss":0.5654906630516052,"_timestamp":1.7606940264512603e+09,"_step":999,"_wandb":{"runtime":95},"_runtime":95}