{"_step":999,"_wandb":{"runtime":19},"_runtime":19,"Training loss":0.5415269161264101,"Validation loss":0.5716991424560547,"_timestamp":1.7607062763954403e+09}