{"Validation loss":0.5566566586494446,"_timestamp":1.7607148787196717e+09,"_wandb":{"runtime":11},"_runtime":11,"_step":999,"Epoch":1000,"Training loss":0.5273813505967458}