{"_wandb":{"runtime":12},"_runtime":12,"Epoch":1000,"Training loss":0.5934970205028852,"Validation loss":0.5538848042488098,"_timestamp":1.7607151765866573e+09,"_step":999}