{"Training loss":0.44554995000362396,"Validation loss":0.5326796174049377,"_wandb":{"runtime":29},"_runtime":29,"_timestamp":1.7607065179692278e+09,"_step":999}