{"_runtime":12,"_step":999,"Epoch":1000,"Training loss":0.5968751907348633,"Validation loss":0.5813025832176208,"_timestamp":1.7605888505746422e+09,"_wandb":{"runtime":12}}