{"_wandb":{"runtime":50},"_runtime":50,"Training loss":0.44566575189431507,"Validation loss":0.4874466359615326,"_timestamp":1.7607056569083178e+09,"_step":999}