{"_step":531,"_wandb":{"runtime":69},"_runtime":69.4418871,"Training loss":0.45820871459113227,"Validation loss":0.47853735089302063,"_timestamp":1.7607094757549303e+09}