{"Validation loss":0.5242377519607544,"_timestamp":1.7607775232453144e+09,"_step":617,"_wandb":{"runtime":45},"_runtime":45,"Epoch":618,"Training loss":0.48077370789315965}