{"Epoch":1000,"Training loss":0.45403269840323407,"Validation loss":0.43594151735305786,"_timestamp":1.7607148470544446e+09,"_step":999,"_wandb":{"runtime":42},"_runtime":42}