{"_runtime":427.69809,"_step":28,"Training loss":0.5956206917762756,"Validation loss":0.6023186445236206,"_timestamp":1.7607114722550614e+09,"_wandb":{"runtime":427}}