{"_timestamp":1.7607047624442234e+09,"_step":999,"_wandb":{"runtime":33},"_runtime":33,"Training loss":0.6138962014861729,"Validation loss":0.6370860934257507}