{"Training loss":0.6045253574848175,"Validation loss":0.5877584218978882,"_timestamp":1.7605977215393164e+09,"_step":999,"_wandb":{"runtime":12},"_runtime":12,"Epoch":1000}