{"_wandb":{"runtime":17},"_runtime":17,"_timestamp":1.7607144827190106e+09,"_step":999,"Epoch":1000,"Training loss":0.4773578125497569,"Validation loss":0.4438122808933258}