{"_runtime":1048.3549204,"_timestamp":1.7607103503928611e+09,"_step":357,"Training loss":0.5128045929802789,"Validation loss":0.5279083251953125,"_wandb":{"runtime":1048}}