{"Training loss":0.5727899372577667,"Validation loss":0.5729706287384033,"_timestamp":1.7607146258511891e+09,"_wandb":{"runtime":8},"_runtime":8,"_step":999,"Epoch":1000}