{"_step":999,"Epoch":1000,"_wandb":{"runtime":25},"_runtime":25,"Training loss":0.5972795486450195,"Validation loss":0.5985233783721924,"_timestamp":1.760597493344288e+09}