{"_step":543,"Epoch":544,"Training loss":0.5153839813338386,"Validation loss":0.5335965752601624,"_timestamp":1.7607748034501338e+09,"_wandb":{"runtime":135},"_runtime":135}