{"_runtime":15,"Training loss":0.5809250771999359,"Validation loss":0.556877851486206,"_timestamp":1.7607072732357347e+09,"_step":999,"_wandb":{"runtime":15}}