{"_wandb":{"runtime":15},"_runtime":15,"Training loss":0.6477903723716736,"Validation loss":0.6759935617446899,"_timestamp":1.760705490616228e+09,"_step":999}